"ID","Date","Description","Category","Type","Amount"
"1700000000001","2026-01-25","Fuel Expense","Travel","expense","2353.19"
"1700000000002","2026-01-23","Raw Materials","Supplies","expense","12513.60"
"1700000000003","2026-03-29","Social Media Ad","Marketing","expense","2323.33"
"1700000000004","2026-03-21","Product Sale","Sales","income","31996.21"
"1700000000005","2026-01-01","Hardware Purchase","Supplies","expense","10534.14"
"1700000000006","2026-03-31","Online Order","Sales","income","44216.90"
"1700000000007","2026-02-01","Contractor Payment","Payroll","expense","11008.87"
"1700000000008","2026-03-14","Office Supplies","Supplies","expense","11549.48"
"1700000000009","2026-01-20","Software Subscription","Operational","expense","6185.19"
"1700000000010","2026-03-11","SEO Services","Marketing","expense","5165.49"
"1700000000011","2026-01-11","Hotel Stay","Travel","expense","10079.71"
"1700000000012","2026-01-28","Product Sale","Sales","income","29079.94"
"1700000000013","2026-01-14","Online Order","Sales","income","26874.81"
"1700000000014","2026-01-16","Online Order","Sales","income","23764.32"
"1700000000015","2026-04-01","Staff Salary","Payroll","expense","3692.13"
"1700000000016","2026-03-12","Maintenance Contract","Services","income","18956.88"
"1700000000017","2026-01-14","Email Campaign","Marketing","expense","4275.18"
"1700000000018","2026-01-29","Office Rent","Operational","expense","1533.67"
"1700000000019","2026-01-31","Maintenance Contract","Services","income","29734.24"
"1700000000020","2026-03-16","Project Bonus","Payroll","expense","3884.84"
"1700000000021","2026-02-18","Office Rent","Operational","expense","5807.47"
"1700000000022","2026-01-21","Product Sale","Sales","income","13099.43"
"1700000000023","2026-02-04","Contractor Payment","Payroll","expense","12834.34"
"1700000000024","2026-01-29","Contractor Payment","Payroll","expense","10187.06"
"1700000000025","2026-04-13","Utility Bill","Operational","expense","9232.49"
"1700000000026","2026-01-17","Project Bonus","Payroll","expense","4607.49"
"1700000000027","2026-02-06","Service Fee","Services","income","40765.61"
"1700000000028","2026-02-22","Software Subscription","Operational","expense","10874.53"
"1700000000029","2026-03-14","Software Subscription","Operational","expense","11397.18"
"1700000000030","2026-04-02","Retail Transaction","Sales","income","28976.30"
"1700000000031","2026-01-28","Raw Materials","Supplies","expense","12075.70"
"1700000000032","2026-04-10","Print Materials","Marketing","expense","13815.81"
"1700000000033","2026-04-14","Project Bonus","Payroll","expense","14179.69"
"1700000000034","2026-01-15","Fuel Expense","Travel","expense","9717.22"
"1700000000035","2026-03-12","Hotel Stay","Travel","expense","10863.31"
"1700000000036","2026-04-09","Contractor Payment","Payroll","expense","10307.65"
"1700000000037","2026-02-03","Print Materials","Marketing","expense","8772.42"
"1700000000038","2026-04-01","Project Milestone","Services","income","17908.68"
"1700000000039","2026-01-09","Hotel Stay","Travel","expense","12389.64"
"1700000000040","2026-04-18","Project Bonus","Payroll","expense","2155.87"
"1700000000041","2026-02-17","Social Media Ad","Marketing","expense","1646.21"
"1700000000042","2026-04-04","Hotel Stay","Travel","expense","4724.56"
"1700000000043","2026-03-05","Contractor Payment","Payroll","expense","14642.19"
"1700000000044","2026-02-21","Office Rent","Operational","expense","8743.82"
"1700000000045","2026-01-11","Software Subscription","Operational","expense","3254.21"
"1700000000046","2026-02-03","Office Rent","Operational","expense","14585.41"
"1700000000047","2026-03-13","Retail Transaction","Sales","income","18818.74"
"1700000000048","2026-01-19","Project Bonus","Payroll","expense","11235.17"
"1700000000049","2026-04-09","Contractor Payment","Payroll","expense","8270.46"
"1700000000050","2026-03-20","Raw Materials","Supplies","expense","12206.24"
"1700000000051","2026-01-07","Office Rent","Operational","expense","6514.81"
"1700000000052","2026-03-17","Service Fee","Services","income","45664.69"
"1700000000053","2026-04-14","Hotel Stay","Travel","expense","2678.27"
"1700000000054","2026-01-15","Product Sale","Sales","income","25412.78"
"1700000000055","2026-02-22","Retail Transaction","Sales","income","14960.94"
"1700000000056","2026-04-03","Software Subscription","Operational","expense","10647.89"
"1700000000057","2026-04-19","Social Media Ad","Marketing","expense","7316.53"
"1700000000058","2026-03-03","SEO Services","Marketing","expense","892.68"
"1700000000059","2026-01-05","Contractor Payment","Payroll","expense","11031.55"
"1700000000060","2026-04-13","Contractor Payment","Payroll","expense","14240.00"
"1700000000061","2026-02-22","Contractor Payment","Payroll","expense","11109.08"
"1700000000062","2026-02-09","Email Campaign","Marketing","expense","3599.87"
"1700000000063","2026-03-21","Project Milestone","Services","income","33689.10"
"1700000000064","2026-04-14","Service Fee","Services","income","33610.98"
"1700000000065","2026-02-19","Office Supplies","Supplies","expense","400.73"
"1700000000066","2026-01-27","Email Campaign","Marketing","expense","7662.40"
"1700000000067","2026-03-20","Service Fee","Services","income","24699.82"
"1700000000068","2026-03-22","Vendor Payment","Supplies","expense","14593.04"
"1700000000069","2026-04-05","Project Milestone","Services","income","33676.18"
"1700000000070","2026-01-29","Service Fee","Services","income","47997.19"
"1700000000071","2026-03-22","Meal Reimbursement","Travel","expense","4682.48"
"1700000000072","2026-02-15","Meal Reimbursement","Travel","expense","5478.12"
"1700000000073","2026-01-08","SEO Services","Marketing","expense","2946.27"
"1700000000074","2026-01-22","Project Bonus","Payroll","expense","10871.94"
"1700000000075","2026-02-17","Flight Ticket","Travel","expense","13762.46"
"1700000000076","2026-02-19","Hotel Stay","Travel","expense","10212.69"
"1700000000077","2026-02-01","Office Supplies","Supplies","expense","12040.98"
"1700000000078","2026-02-21","Product Sale","Sales","income","23220.89"
"1700000000079","2026-03-08","Hotel Stay","Travel","expense","2838.39"
"1700000000080","2026-01-26","Raw Materials","Supplies","expense","3502.84"
"1700000000081","2026-01-25","Insurance Premium","Operational","expense","6066.10"
"1700000000082","2026-01-28","Vendor Payment","Supplies","expense","8658.39"
"1700000000083","2026-02-27","Vendor Payment","Supplies","expense","138.06"
"1700000000084","2026-02-04","Office Supplies","Supplies","expense","3963.51"
"1700000000085","2026-04-18","Raw Materials","Supplies","expense","11383.03"
"1700000000086","2026-02-12","Vendor Payment","Supplies","expense","342.99"
"1700000000087","2026-03-27","Raw Materials","Supplies","expense","1755.07"
"1700000000088","2026-01-04","Hardware Purchase","Supplies","expense","10523.50"
"1700000000089","2026-03-30","Staff Salary","Payroll","expense","14351.02"
"1700000000090","2026-03-19","Social Media Ad","Marketing","expense","11482.18"
"1700000000091","2026-03-01","Fuel Expense","Travel","expense","4003.11"
"1700000000092","2026-04-14","Email Campaign","Marketing","expense","4904.15"
"1700000000093","2026-03-08","Office Supplies","Supplies","expense","10569.26"
"1700000000094","2026-03-16","Service Fee","Services","income","26699.24"
"1700000000095","2026-02-01","Office Rent","Operational","expense","2863.53"
"1700000000096","2026-04-12","Online Order","Sales","income","32836.38"
"1700000000097","2026-04-08","Software Subscription","Operational","expense","9443.99"
"1700000000098","2026-03-01","Project Milestone","Services","income","17687.52"
"1700000000099","2026-01-11","Office Rent","Operational","expense","2517.80"
"1700000000100","2026-01-19","Social Media Ad","Marketing","expense","8610.45"
"1700000000101","2026-03-25","Consulting Fee","Services","income","12500.00"
"1700000000102","2026-02-14","Utility Bill","Operational","expense","450.75"
"1700000000103","2026-01-05","Website Hosting","Operational","expense","120.00"
"1700000000104","2026-03-12","Product Sale","Sales","income","35200.50"
"1700000000105","2026-04-02","Legal Consultation","Services","expense","1500.00"
"1700000000106","2026-02-28","Inventory Restock","Supplies","expense","8900.25"
"1700000000107","2026-01-19","Client Retainer","Services","income","5000.00"
"1700000000108","2026-03-08","Office Furniture","Supplies","expense","2400.00"
"1700000000109","2026-04-15","Travel Reimbursement","Travel","expense","850.40"
"1700000000110","2026-02-10","Bulk Paper Order","Supplies","expense","310.15"
"1700000000111","2026-03-22","SaaS Revenue","Sales","income","18750.00"
"1700000000112","2026-01-30","Janitorial Services","Operational","expense","600.00"
"1700000000113","2026-04-05","Quarterly Tax","Operational","expense","12400.00"
"1700000000114","2026-02-18","Training Workshop","Services","income","3200.00"
"1700000000115","2026-03-14","Repair Services","Operational","expense","1150.00"
"1700000000116","2026-01-12","Direct Sale","Sales","income","9400.60"
"1700000000117","2026-03-01","Monthly Salary","Payroll","expense","75000.00"
"1700000000118","2026-04-10","Coffee Supplies","Supplies","expense","145.20"
"1700000000119","2026-02-25","Custom Software Dev","Services","income","21000.00"
"1700000000120","2026-01-08","Broadband Bill","Operational","expense","110.00"
"1700000000121","2026-03-29","E-commerce Revenue","Sales","income","14250.75"
"1700000000122","2026-04-03","Domain Renewal","Operational","expense","45.00"
"1700000000123","2026-02-05","Courier Charges","Operational","expense","85.90"
"1700000000124","2026-01-24","Partner Commission","Sales","income","6700.00"
"1700000000125","2026-03-17","PR Agency Fee","Marketing","expense","4000.00"
"1700000000126","2026-04-18","Laptop Purchase","Supplies","expense","2200.00"
"1700000000127","2026-02-12","Asset Liquidation","Sales","income","800.00"
"1700000000128","2026-01-15","Parking Fees","Travel","expense","25.00"
"1700000000129","2026-03-05","Customer Support Outsource","Operational","expense","3000.00"
"1700000000130","2026-04-09","Affiliate Payout","Marketing","expense","1120.50"
"1700000000131","2026-02-21","License Fees","Services","income","3500.00"
"1700000000132","2026-01-11","Stationery","Supplies","expense","95.40"
"1700000000133","2026-03-20","Cloud Computing Credit","Sales","income","500.00"
"1700000000134","2026-04-12","Security System","Operational","expense","1800.00"
"1700000000135","2026-02-09","Conference Booking","Travel","expense","2100.00"
"1700000000136","2026-01-27","Logo Design","Marketing","expense","750.00"
"1700000000137","2026-03-24","Software Licensing","Sales","income","12400.00"
"1700000000138","2026-04-01","Staff Wellness Program","Payroll","expense","2000.00"
"1700000000139","2026-02-16","Electricity Bill","Operational","expense","560.25"
"1700000000140","2026-01-04","Technical Support","Services","income","1200.00"
"1700000000141","2026-03-07","Packaging Box Order","Supplies","expense","450.00"
"1700000000142","2026-04-14","Event Sponsorship","Marketing","expense","5000.00"
"1700000000143","2026-02-23","Product Upgrades","Sales","income","2300.00"
"1700000000144","2026-01-20","Team Lunch","Travel","expense","180.50"
"1700000000145","2026-03-11","Water Delivery","Operational","expense","65.00"
"1700000000146","2026-04-16","Subscription Revenue","Sales","income","890.00"
"1700000000147","2026-02-07","Advertising Flyers","Marketing","expense","320.00"
"1700000000148","2026-01-29","Hardware Repair","Operational","expense","210.00"
"1700000000149","2026-03-02","Business Audit","Services","expense","3500.00"
"1700000000150","2026-04-19","Workshop Fee","Services","income","1450.00"
"1700000000151","2026-02-11","Printer Ink","Supplies","expense","420.00"
"1700000000152","2026-01-09","Membership Dues","Operational","expense","150.00"
"1700000000153","2026-03-18","Wholesale Order","Sales","income","42000.00"
"1700000000154","2026-04-06","Cab Fare","Travel","expense","42.50"
"1700000000155","2026-02-15","Social Media Manager","Marketing","expense","1200.00"
"1700000000156","2026-01-13","Refund Issued","Sales","expense","250.00"
"1700000000157","2026-03-04","App Development","Services","income","18500.00"
"1700000000158","2026-04-11","Air Conditioning Fix","Operational","expense","380.00"
"1700000000159","2026-02-19","Insurance Payment","Operational","expense","1100.00"
"1700000000160","2026-01-22","Consulting Retainer","Services","income","4000.00"
"1700000000161","2026-03-15","Bulk Merchant Fee","Operational","expense","75.40"
"1700000000162","2026-04-08","Digital Ad Campaign","Marketing","expense","2200.00"
"1700000000163","2026-02-26","API Access Revenue","Sales","income","320.00"
"1700000000164","2026-01-17","Courier Service","Operational","expense","12.50"
"1700000000165","2026-03-09","Shredding Service","Operational","expense","55.00"
"1700000000166","2026-04-13","Course Enrollment","Services","income","499.00"
"1700000000167","2026-02-01","Cleaning Staff","Payroll","expense","800.00"
"1700000000168","2026-01-26","Phone Bill","Operational","expense","95.00"
"1700000000169","2026-03-27","Design Assets","Marketing","expense","150.00"
"1700000000170","2026-04-07","Export License","Operational","expense","500.00"
"1700000000171","2026-02-20","Maintenance Contract","Services","income","1200.00"
"1700000000172","2026-01-31","Waste Disposal","Operational","expense","40.00"
"1700000000173","2026-03-10","Photography Session","Marketing","expense","600.00"
"1700000000174","2026-04-04","Data Entry Support","Operational","expense","450.00"
"1700000000175","2026-02-13","Referral Bonus","Sales","income","100.00"
"1700000000176","2026-01-07","Emergency Repair","Operational","expense","900.00"
"1700000000177","2026-03-21","UI/UX Review","Services","income","2500.00"
"1700000000178","2026-04-17","Breakroom Snacks","Supplies","expense","88.30"
"1700000000179","2026-02-24","Translation Services","Services","expense","350.00"
"1700000000180","2026-01-14","Premium Support Plan","Sales","income","1500.00"
"1700000000181","2026-03-06","Staff Parking","Travel","expense","120.00"
"1700000000182","2026-04-12","Legal Paperwork","Operational","expense","220.00"
"1700000000183","2026-02-04","Webinar Hosting","Marketing","expense","199.00"
"1700000000184","2026-01-18","Stock Adjustment","Supplies","expense","50.00"
"1700000000185","2026-03-26","E-book Sales","Sales","income","1200.40"
"1700000000186","2026-04-03","Key Replacement","Operational","expense","35.00"
"1700000000187","2026-02-17","Consultancy Report","Services","income","6000.00"
"1700000000188","2026-01-25","Magazine Ad","Marketing","expense","900.00"
"1700000000189","2026-03-13","Uniform Cleaning","Operational","expense","110.00"
"1700000000190","2026-04-15","Bulk SMS Pack","Marketing","expense","250.00"
"1700000000191","2026-02-27","Gift Card Sales","Sales","income","450.00"
"1700000000192","2026-01-02","Domain Privacy","Operational","expense","15.00"
"1700000000193","2026-03-31","Inventory Surplus","Sales","income","2100.00"
"1700000000194","2026-04-09","Office Plant Rental","Operational","expense","60.00"
"1700000000195","2026-02-08","Tech Audit","Services","expense","2800.00"
"1700000000196","2026-01-16","Whitepaper Download","Sales","income","25.00"
"1700000000197","2026-03-19","Recruitment Fee","Payroll","expense","1500.00"
"1700000000198","2026-04-11","First Aid Kit","Supplies","expense","45.00"
"1700000000199","2026-02-14","Speaking Engagement","Services","income","3000.00"
"1700000000200","2026-01-23","Postage Stamps","Operational","expense","22.00"
"1700000000201","2026-02-12","Software License","Operational","expense","450.00"
"1700000000202","2026-03-05","Website Maintenance","Services","income","1200.00"
"1700000000203","2026-04-01","Monthly Rent","Operational","expense","12000.00"
"1700000000204","2026-01-20","Product Sale","Sales","income","8500.45"
"1700000000205","2026-03-18","Courier Service","Operational","expense","45.20"
"1700000000206","2026-02-25","Consulting Fee","Services","income","3500.00"
"1700000000207","2026-04-10","Printer Toner","Supplies","expense","185.00"
"1700000000208","2026-01-15","Advertising Campaign","Marketing","expense","5200.00"
"1700000000209","2026-03-30","Staff Salary","Payroll","expense","65000.00"
"1700000000210","2026-02-08","Web Hosting","Operational","expense","95.00"
"1700000000211","2026-04-14","E-commerce Revenue","Sales","income","14200.10"
"1700000000212","2026-01-28","Travel Booking","Travel","expense","1150.00"
"1700000000213","2026-03-12","Legal Advice","Services","expense","2200.00"
"1700000000214","2026-02-14","Customer Refund","Sales","expense","120.00"
"1700000000215","2026-04-05","Hardware Upgrade","Supplies","expense","3400.00"
"1700000000216","2026-01-05","Partner Commission","Services","income","2100.00"
"1700000000217","2026-03-22","Electricity Bill","Operational","expense","380.60"
"1700000000218","2026-02-19","Internet Services","Operational","expense","120.00"
"1700000000219","2026-04-19","Direct Deposit","Sales","income","9800.00"
"1700000000220","2026-01-31","Office Supplies","Supplies","expense","315.40"
"1700000000221","2026-03-02","Conference Fee","Travel","expense","850.00"
"1700000000222","2026-02-27","Subscription Revenue","Sales","income","450.00"
"1700000000223","2026-04-16","Social Media Ads","Marketing","expense","1500.00"
"1700000000224","2026-01-12","Breakroom Supplies","Supplies","expense","65.00"
"1700000000225","2026-03-08","App Development","Services","income","15000.00"
"1700000000226","2026-02-01","Payroll Taxes","Payroll","expense","4200.00"
"1700000000227","2026-04-03","Water Bill","Operational","expense","55.00"
"1700000000228","2026-01-24","Consultancy Milestone","Services","income","7000.00"
"1700000000229","2026-03-15","Insurance Renewal","Operational","expense","1200.00"
"1700000000230","2026-02-11","Taxi Reimbursement","Travel","expense","35.50"
"1700000000231","2026-04-12","Bulk Order Sale","Sales","income","25400.00"
"1700000000232","2026-01-08","Cloud Storage","Operational","expense","15.00"
"1700000000233","2026-03-25","Event Sponsorship","Marketing","expense","3000.00"
"1700000000234","2026-02-22","Asset Purchase","Supplies","expense","4500.00"
"1700000000235","2026-04-07","Technical Support","Services","income","800.00"
"1700000000236","2026-01-19","Repair & Maintenance","Operational","expense","250.00"
"1700000000237","2026-03-10","Marketing Flyers","Marketing","expense","420.00"
"1700000000238","2026-02-05","Quarterly Bonus","Payroll","expense","5000.00"
"1700000000239","2026-04-18","Licensing Revenue","Sales","income","1200.00"
"1700000000240","2026-01-14","Fuel Card","Travel","expense","85.00"
"1700000000241","2026-03-28","Domain Purchase","Operational","expense","25.00"
"1700000000242","2026-02-28","Project Final Payment","Services","income","11000.00"
"1700000000243","2026-04-01","Cleaning Service","Operational","expense","300.00"
"1700000000244","2026-01-02","Stock Inventory","Supplies","expense","890.00"
"1700000000245","2026-03-04","Training Program","Services","income","2200.00"
"1700000000246","2026-02-17","Staff Lunch","Travel","expense","145.00"
"1700000000247","2026-04-09","Email Marketing Tool","Marketing","expense","89.00"
"1700000000248","2026-01-26","Product Export Sale","Sales","income","16700.00"
"1700000000249","2026-03-19","Security Monitoring","Operational","expense","200.00"
"1700000000250","2026-02-13","Office Chairs","Supplies","expense","1100.00"
"1700000000251","2026-04-15","SaaS Subscription","Sales","income","50.00"
"1700000000252","2026-01-10","Late Fee","Operational","expense","10.00"
"1700000000253","2026-03-21","Publicity Fee","Marketing","expense","1800.00"
"1700000000254","2026-02-07","Wholesale Purchase","Supplies","expense","12500.00"
"1700000000255","2026-04-11","Website SEO","Services","income","950.00"
"1700000000256","2026-01-21","Postal Services","Operational","expense","32.00"
"1700000000257","2026-03-14","Content Creation","Marketing","expense","1200.00"
"1700000000258","2026-02-23","Worker Insurance","Payroll","expense","340.00"
"1700000000259","2026-04-04","Direct Sale","Sales","income","4200.00"
"1700000000260","2026-01-29","Broadband Fix","Operational","expense","60.00"
"1700000000261","2026-03-24","IT Consultation","Services","income","1800.00"
"1700000000262","2026-02-04","Misc Supplies","Supplies","expense","45.00"
"1700000000263","2026-04-06","Staff Parking","Travel","expense","20.00"
"1700000000264","2026-01-17","Consulting Income","Services","income","3200.00"
"1700000000265","2026-03-31","Tax Preparation","Operational","expense","1500.00"
"1700000000266","2026-02-15","Digital Ad Spend","Marketing","expense","2400.00"
"1700000000267","2026-04-13","Retail Revenue","Sales","income","890.40"
"1700000000268","2026-01-11","Parking Sticker","Travel","expense","15.00"
"1700000000269","2026-03-01","SaaS Tier Upgrade","Sales","income","300.00"
"1700000000270","2026-02-20","Office Refreshment","Supplies","expense","88.00"
"1700000000271","2026-04-17","Graphic Design Service","Marketing","expense","750.00"
"1700000000272","2026-01-23","Equipment Lease","Operational","expense","1100.00"
"1700000000273","2026-03-09","Service Retainer","Services","income","2500.00"
"1700000000274","2026-02-12","Printing Service","Marketing","expense","135.00"
"1700000000275","2026-04-08","Breakroom Snack Delivery","Supplies","expense","42.00"
"1700000000276","2026-01-30","Bulk Product Sale","Sales","income","19500.00"
"1700000000277","2026-03-27","Software Update","Operational","expense","150.00"
"1700000000278","2026-02-09","Client Lunch","Travel","expense","210.00"
"1700000000279","2026-04-19","Custom Development","Services","income","6000.00"
"1700000000280","2026-01-06","First Aid Restock","Supplies","expense","25.00"
"1700000000281","2026-03-03","Online Ad","Marketing","expense","500.00"
"1700000000282","2026-02-26","Contractor Fee","Payroll","expense","3200.00"
"1700000000283","2026-04-10","Retail Sale","Sales","income","145.00"
"1700000000284","2026-01-13","Office Signage","Marketing","expense","600.00"
"1700000000285","2026-03-16","Support Ticket Revenue","Services","income","300.00"
"1700000000286","2026-02-18","Sanitization Service","Operational","expense","180.00"
"1700000000287","2026-04-15","Paper Order","Supplies","expense","120.00"
"1700000000288","2026-01-25","Training Income","Services","income","1500.00"
"1700000000289","2026-03-23","LinkedIn Ads","Marketing","expense","800.00"
"1700000000290","2026-02-06","Utility Overpayment","Operational","income","45.00"
"1700000000291","2026-04-02","New Employee Setup","Payroll","expense","150.00"
"1700000000292","2026-01-04","Direct Customer Payment","Sales","income","420.00"
"1700000000293","2026-03-13","Waste Disposal","Operational","expense","40.00"
"1700000000294","2026-02-16","Client Workshop Fee","Services","income","3200.00"
"1700000000295","2026-04-12","Travel Tolls","Travel","expense","12.50"
"1700000000296","2026-01-27","Gift Basket Purchase","Marketing","expense","250.00"
"1700000000297","2026-03-11","Wholesale Revenue","Sales","income","8900.00"
"1700000000298","2026-02-10","Computer Mouse","Supplies","expense","25.00"
"1700000000299","2026-04-14","Janitorial Supply","Supplies","expense","110.00"
"1700000000300","2026-01-09","Software Dev Phase 1","Services","income","5000.00"
"1700000000301","2026-02-14","Email Hosting","Operational","expense","45.00"
"1700000000302","2026-03-05","Client Consultation","Services","income","1500.00"
"1700000000303","2026-04-18","Office Snacks","Supplies","expense","125.60"
"1700000000304","2026-01-22","Web Store Sale","Sales","income","340.50"
"1700000000305","2026-03-12","Facebook Ads","Marketing","expense","2200.00"
"1700000000306","2026-02-20","Maintenance Fee","Services","income","450.00"
"1700000000307","2026-04-02","Shredding Service","Operational","expense","85.00"
"1700000000308","2026-01-15","Tech Equipment","Supplies","expense","1200.00"
"1700000000309","2026-03-28","App Subscription","Sales","income","89.99"
"1700000000310","2026-02-11","Staff Training","Payroll","expense","3500.00"
"1700000000311","2026-04-15","Freight Charges","Operational","expense","410.20"
"1700000000312","2026-01-10","Project Milestone C","Services","income","12000.00"
"1700000000313","2026-03-19","Cloud Server","Operational","expense","150.00"
"1700000000314","2026-02-05","Business Cards","Marketing","expense","75.00"
"1700000000315","2026-04-09","Product Licensing","Sales","income","5000.00"
"1700000000316","2026-01-29","Airport Shuttle","Travel","expense","55.00"
"1700000000317","2026-03-04","Legal Document Prep","Services","expense","800.00"
"1700000000318","2026-02-28","Direct Retail Sale","Sales","income","125.00"
"1700000000319","2026-04-12","Furniture Repair","Operational","expense","320.00"
"1700000000320","2026-01-08","Software Plugin","Supplies","expense","49.00"
"1700000000321","2026-03-21","Expert Witness Fee","Services","income","2500.00"
"1700000000322","2026-02-15","Courier Export","Operational","expense","210.00"
"1700000000323","2026-04-03","Domain Security","Operational","expense","15.00"
"1700000000324","2026-01-18","Wholesale Delivery","Sales","income","8400.00"
"1700000000325","2026-03-14","Search Engine Marketing","Marketing","expense","1200.00"
"1700000000326","2026-02-01","Monthly Salary Admin","Payroll","expense","4500.00"
"1700000000327","2026-04-05","Heating Bill","Operational","expense","240.00"
"1700000000328","2026-01-24","Consulting Retainer","Services","income","3000.00"
"1700000000329","2026-03-08","Cleaning Supplies","Supplies","expense","65.40"
"1700000000330","2026-02-22","Toll Road Charges","Travel","expense","18.50"
"1700000000331","2026-04-14","Product Sale B2B","Sales","income","15600.00"
"1700000000332","2026-01-12","USB Drives","Supplies","expense","110.00"
"1700000000333","2026-03-25","Influencer Collab","Marketing","expense","500.00"
"1700000000334","2026-02-09","Server Rack","Supplies","expense","2800.00"
"1700000000335","2026-04-01","Support Call Revenue","Services","income","150.00"
"1700000000336","2026-01-31","Water Cooler Rental","Operational","expense","40.00"
"1700000000337","2026-03-10","Billboard Ad","Marketing","expense","4000.00"
"1700000000338","2026-02-18","Staff Bonus","Payroll","expense","1000.00"
"1700000000339","2026-04-19","Custom API Integration","Services","income","7500.00"
"1700000000340","2026-01-05","Gasoline","Travel","expense","60.00"
"1700000000341","2026-03-29","SSL Certificate","Operational","expense","80.00"
"1700000000342","2026-02-14","Workshop Material Fee","Services","income","400.00"
"1700000000343","2026-04-06","Elevator Maintenance","Operational","expense","550.00"
"1700000000344","2026-01-20","Paper Shredder","Supplies","expense","140.00"
"1700000000345","2026-03-12","Coaching Session","Services","income","300.00"
"1700000000346","2026-02-25","Uber to Client","Travel","expense","32.00"
"1700000000347","2026-04-10","Newsletter Software","Marketing","expense","49.00"
"1700000000348","2026-01-16","E-book Royalty","Sales","income","240.00"
"1700000000349","2026-03-01","Building Insurance","Operational","expense","1100.00"
"1700000000350","2026-02-11","External Hard Drive","Supplies","expense","120.00"
"1700000000351","2026-04-17","Premium Access Fee","Sales","income","99.00"
"1700000000352","2026-01-04","Postage Stamps","Operational","expense","25.00"
"1700000000353","2026-03-24","Radio Spot Ad","Marketing","expense","1500.00"
"1700000000354","2026-02-07","Work Desk","Supplies","expense","450.00"
"1700000000355","2026-04-08","Strategic Planning","Services","income","4500.00"
"1700000000356","2026-01-26","Parking Validation","Travel","expense","10.00"
"1700000000357","2026-03-15","Magazine Subscription","Marketing","expense","120.00"
"1700000000358","2026-02-19","Recruitment Post","Payroll","expense","300.00"
"1700000000359","2026-04-11","Asset Sale","Sales","income","1100.00"
"1700000000360","2026-01-02","Small Tool Purchase","Supplies","expense","35.00"
"1700000000361","2026-03-27","Contract Legal Review","Services","income","1800.00"
"1700000000362","2026-02-21","Stationery Order","Supplies","expense","88.00"
"1700000000363","2026-04-13","Client Lunch Meal","Travel","expense","145.20"
"1700000000364","2026-01-13","Consulting Payment","Services","income","2100.00"
"1700000000365","2026-03-31","Yearly Accounting","Operational","expense","2500.00"
"1700000000366","2026-02-04","Instagram Ad Spend","Marketing","expense","600.00"
"1700000000367","2026-04-07","Online Retail Revenue","Sales","income","940.50"
"1700000000368","2026-01-30","Parking Fine","Travel","expense","45.00"
"1700000000369","2026-03-20","SaaS Integration","Sales","income","350.00"
"1700000000370","2026-02-13","Office Paint","Operational","expense","220.00"
"1700000000371","2026-04-16","Trade Show Space","Marketing","expense","2500.00"
"1700000000372","2026-01-23","Printer Lease","Operational","expense","180.00"
"1700000000373","2026-03-09","SEO Audit","Services","income","900.00"
"1700000000374","2026-02-24","Flyer Printing","Marketing","expense","150.00"
"1700000000375","2026-04-18","Keyboard Purchase","Supplies","expense","65.00"
"1700000000376","2026-01-07","Service Contract","Services","income","4200.00"
"1700000000377","2026-03-26","Software Renewal","Operational","expense","299.00"
"1700000000378","2026-02-17","Subway Fare","Travel","expense","5.50"
"1700000000379","2026-04-15","Digital Content Sale","Sales","income","150.00"
"1700000000380","2026-01-14","First Aid Refill","Supplies","expense","32.00"
"1700000000381","2026-03-06","PPC Campaign","Marketing","expense","1000.00"
"1700000000382","2026-02-27","Independent Contractor","Payroll","expense","3200.00"
"1700000000383","2026-04-03","Course Sale","Sales","income","199.00"
"1700000000384","2026-01-19","Stickers & Labels","Marketing","expense","45.00"
"1700000000385","2026-03-23","Webinar Ticket","Services","income","25.00"
"1700000000386","2026-02-06","Sanitizer Bulk","Operational","expense","110.00"
"1700000000387","2026-04-10","Pens & Notebooks","Supplies","expense","34.50"
"1700000000388","2026-01-27","Corporate Workshop","Services","income","5000.00"
"1700000000389","2026-03-11","LinkedIn Talent Hub","Marketing","expense","800.00"
"1700000000390","2026-02-10","Tax Refund","Operational","income","540.00"
"1700000000391","2026-04-12","Uniform Branding","Payroll","expense","450.00"
"1700000000392","2026-01-04","App Store Sale","Sales","income","12.50"
"1700000000393","2026-03-13","Window Cleaning","Operational","expense","80.00"
"1700000000394","2026-02-16","Architecture Consult","Services","income","4500.00"
"1700000000395","2026-04-14","Highway Toll","Travel","expense","12.00"
"1700000000396","2026-01-09","Promo Video Prep","Marketing","expense","1200.00"
"1700000000397","2026-03-27","Partner Revenue Share","Sales","income","1500.00"
"1700000000398","2026-02-12","Computer Battery","Supplies","expense","85.00"
"1700000000399","2026-04-04","Kitchen Supplies","Supplies","expense","55.00"
"1700000000400","2026-01-11","Site Design Phase 2","Services","income","8000.00"
"1700000000401","2026-02-14","Email Hosting","Operational","expense","45.00"
"1700000000402","2026-03-05","Technical Training","Services","income","1500.00"
"1700000000403","2026-04-18","Coffee Pods","Supplies","expense","125.60"
"1700000000404","2026-01-22","App Purchase","Sales","income","340.50"
"1700000000405","2026-03-12","Google Ads","Marketing","expense","2200.00"
"1700000000406","2026-02-20","Maintenance Fee","Services","income","450.00"
"1700000000407","2026-04-02","Document Shredding","Operational","expense","85.00"
"1700000000408","2026-01-15","Desktop Monitor","Supplies","expense","1200.00"
"1700000000409","2026-03-28","SaaS Fee","Sales","income","89.99"
"1700000000410","2026-02-11","Compliance Training","Payroll","expense","3500.00"
"1700000000411","2026-04-15","Shipping Charges","Operational","expense","410.20"
"1700000000412","2026-01-10","Project Milestone","Services","income","12000.00"
"1700000000413","2026-03-19","Cloud Hosting","Operational","expense","150.00"
"1700000000414","2026-02-05","Business Cards","Marketing","expense","75.00"
"1700000000415","2026-04-09","Product Licensing","Sales","income","5000.00"
"1700000000416","2026-01-29","Taxi to Airport","Travel","expense","55.00"
"1700000000417","2026-03-04","Legal Consultation","Services","expense","800.00"
"1700000000418","2026-02-28","Retail Sale","Sales","income","125.00"
"1700000000419","2026-04-12","Furniture Repair","Operational","expense","320.00"
"1700000000420","2026-01-08","Software Plugin","Supplies","expense","49.00"
"1700000000421","2026-03-21","Expert Consult","Services","income","2500.00"
"1700000000422","2026-02-15","International Shipping","Operational","expense","210.00"
"1700000000423","2026-04-03","Domain Privacy","Operational","expense","15.00"
"1700000000424","2026-01-18","Wholesale Order","Sales","income","8400.00"
"1700000000425","2026-03-14","Search Marketing","Marketing","expense","1200.00"
"1700000000426","2026-02-01","Staff Salary","Payroll","expense","4500.00"
"1700000000427","2026-04-05","Gas Bill","Operational","expense","240.00"
"1700000000428","2026-01-24","Consulting Fee","Services","income","3000.00"
"1700000000429","2026-03-08","Soap & Towels","Supplies","expense","65.40"
"1700000000430","2026-02-22","Parking Fees","Travel","expense","18.50"
"1700000000431","2026-04-14","Bulk Sale","Sales","income","15600.00"
"1700000000432","2026-01-12","USB Storage","Supplies","expense","110.00"
"1700000000433","2026-03-25","Influencer Fee","Marketing","expense","500.00"
"1700000000434","2026-02-09","Server Rack","Supplies","expense","2800.00"
"1700000000435","2026-04-01","Client Support","Services","income","150.00"
"1700000000436","2026-01-31","Water Cooler","Operational","expense","40.00"
"1700000000437","2026-03-10","Outdoor Media","Marketing","expense","4000.00"
"1700000000438","2026-02-18","Performance Bonus","Payroll","expense","1000.00"
"1700000000439","2026-04-19","Custom Integration","Services","income","7500.00"
"1700000000440","2026-01-05","Fuel","Travel","expense","60.00"
"1700000000441","2026-03-29","SSL Renewal","Operational","expense","80.00"
"1700000000442","2026-02-14","Workshop Fee","Services","income","400.00"
"1700000000443","2026-04-06","Elevator Service","Operational","expense","550.00"
"1700000000444","2026-01-20","Paper Shredder","Supplies","expense","140.00"
"1700000000445","2026-03-12","Strategy Session","Services","income","300.00"
"1700000000446","2026-02-25","Uber Ride","Travel","expense","32.00"
"1700000000447","2026-04-10","Email Tool","Marketing","expense","49.00"
"1700000000448","2026-01-16","E-book Royalty","Sales","income","240.00"
"1700000000449","2026-03-01","Liability Insurance","Operational","expense","1100.00"
"1700000000450","2026-02-11","External Drive","Supplies","expense","120.00"
"1700000000451","2026-04-17","Subscription Sale","Sales","income","99.00"
"1700000000452","2026-01-04","Postage","Operational","expense","25.00"
"1700000000453","2026-03-24","Radio Ad","Marketing","expense","1500.00"
"1700000000454","2026-02-07","Office Desk","Supplies","expense","450.00"
"1700000000455","2026-04-08","Strategic Audit","Services","income","4500.00"
"1700000000456","2026-01-26","Parking Fee","Travel","expense","10.00"
"1700000000457","2026-03-15","Trade Magazine","Marketing","expense","120.00"
"1700000000458","2026-02-19","Job Posting","Payroll","expense","300.00"
"1700000000459","2026-04-11","Asset Liquidation","Sales","income","1100.00"
"1700000000460","2026-01-02","Hand Tools","Supplies","expense","35.00"
"1700000000461","2026-03-27","Legal Revenue","Services","income","1800.00"
"1700000000462","2026-02-21","Pens & Paper","Supplies","expense","88.00"
"1700000000463","2026-04-13","Client Lunch","Travel","expense","145.20"
"1700000000464","2026-01-13","Consulting Payment","Services","income","2100.00"
"1700000000465","2026-03-31","Tax Filing","Operational","expense","2500.00"
"1700000000466","2026-02-04","Social Media Spend","Marketing","expense","600.00"
"1700000000467","2026-04-07","Retail Revenue","Sales","income","940.50"
"1700000000468","2026-01-30","Traffic Fine","Travel","expense","45.00"
"1700000000469","2026-03-20","SaaS Integration","Sales","income","350.00"
"1700000000470","2026-02-13","Office Paint","Operational","expense","220.00"
"1700000000471","2026-04-16","Booth Rental","Marketing","expense","2500.00"
"1700000000472","2026-01-23","Printer Lease","Operational","expense","180.00"
"1700000000473","2026-03-09","SEO Consultation","Services","income","900.00"
"1700000000474","2026-02-24","Flyer Print","Marketing","expense","150.00"
"1700000000475","2026-04-18","Keyboard","Supplies","expense","65.00"
"1700000000476","2026-01-07","Service Contract","Services","income","4200.00"
"1700000000477","2026-03-26","Software License","Operational","expense","299.00"
"1700000000478","2026-02-17","Train Ticket","Travel","expense","5.50"
"1700000000479","2026-04-15","Digital Sale","Sales","income","150.00"
"1700000000480","2026-01-14","Safety Refill","Supplies","expense","32.00"
"1700000000481","2026-03-06","PPC Budget","Marketing","expense","1000.00"
"1700000000482","2026-02-27","Contract Worker","Payroll","expense","3200.00"
"1700000000483","2026-04-03","Digital Course","Sales","income","199.00"
"1700000000484","2026-01-19","Labels","Marketing","expense","45.00"
"1700000000485","2026-03-23","Webinar Fee","Services","income","25.00"
"1700000000486","2026-02-06","Sanitizer","Operational","expense","110.00"
"1700000000487","2026-04-10","Office Stationery","Supplies","expense","34.50"
"1700000000488","2026-01-27","Corporate Fee","Services","income","5000.00"
"1700000000489","2026-03-11","Recruiting Tool","Marketing","expense","800.00"
"1700000000490","2026-02-10","Tax Refund","Operational","income","540.00"
"1700000000491","2026-04-12","Staff Uniforms","Payroll","expense","450.00"
"1700000000492","2026-01-04","App Sale","Sales","income","12.50"
"1700000000493","2026-03-13","Window Cleaning","Operational","expense","80.00"
"1700000000494","2026-02-16","Architecture Consult","Services","income","4500.00"
"1700000000495","2026-04-14","Highway Toll","Travel","expense","12.00"
"1700000000496","2026-01-09","Video Promo","Marketing","expense","1200.00"
"1700000000497","2026-03-27","Revenue Share","Sales","income","1500.00"
"1700000000498","2026-02-12","Battery","Supplies","expense","85.00"
"1700000000499","2026-04-04","Breakroom Supplies","Supplies","expense","55.00"
"1700000000500","2026-01-11","Web Design","Services","income","8000.00"
"1700000000501","2026-02-14","Email Hosting","Operational","expense","45.00"
"1700000000502","2026-03-05","Technical Training","Services","income","1500.00"
"1700000000503","2026-04-18","Coffee Pods","Supplies","expense","125.60"
"1700000000504","2026-01-22","App Purchase","Sales","income","340.50"
"1700000000505","2026-03-12","Google Ads","Marketing","expense","2200.00"
"1700000000506","2026-02-20","Maintenance Fee","Services","income","450.00"
"1700000000507","2026-04-02","Document Shredding","Operational","expense","85.00"
"1700000000508","2026-01-15","Desktop Monitor","Supplies","expense","1200.00"
"1700000000509","2026-03-28","SaaS Fee","Sales","income","89.99"
"1700000000510","2026-02-11","Compliance Training","Payroll","expense","3500.00"
"1700000000511","2026-04-15","Shipping Charges","Operational","expense","410.20"
"1700000000512","2026-01-10","Project Milestone","Services","income","12000.00"
"1700000000513","2026-03-19","Cloud Hosting","Operational","expense","150.00"
"1700000000514","2026-02-05","Business Cards","Marketing","expense","75.00"
"1700000000515","2026-04-09","Product Licensing","Sales","income","5000.00"
"1700000000516","2026-01-29","Taxi to Airport","Travel","expense","55.00"
"1700000000517","2026-03-04","Legal Consultation","Services","expense","800.00"
"1700000000518","2026-02-28","Retail Sale","Sales","income","125.00"
"1700000000519","2026-04-12","Furniture Repair","Operational","expense","320.00"
"1700000000520","2026-01-08","Software Plugin","Supplies","expense","49.00"
"1700000000521","2026-03-21","Expert Consult","Services","income","2500.00"
"1700000000522","2026-02-15","International Shipping","Operational","expense","210.00"
"1700000000523","2026-04-03","Domain Privacy","Operational","expense","15.00"
"1700000000524","2026-01-18","Wholesale Order","Sales","income","8400.00"
"1700000000525","2026-03-14","Search Marketing","Marketing","expense","1200.00"
"1700000000526","2026-02-01","Staff Salary","Payroll","expense","4500.00"
"1700000000527","2026-04-05","Gas Bill","Operational","expense","240.00"
"1700000000528","2026-01-24","Consulting Fee","Services","income","3000.00"
"1700000000529","2026-03-08","Soap & Towels","Supplies","expense","65.40"
"1700000000530","2026-02-22","Parking Fees","Travel","expense","18.50"
"1700000000531","2026-04-14","Bulk Sale","Sales","income","15600.00"
"1700000000532","2026-01-12","USB Storage","Supplies","expense","110.00"
"1700000000533","2026-03-25","Influencer Fee","Marketing","expense","500.00"
"1700000000534","2026-02-09","Server Rack","Supplies","expense","2800.00"
"1700000000535","2026-04-01","Client Support","Services","income","150.00"
"1700000000536","2026-01-31","Water Cooler","Operational","expense","40.00"
"1700000000537","2026-03-10","Outdoor Media","Marketing","expense","4000.00"
"1700000000538","2026-02-18","Performance Bonus","Payroll","expense","1000.00"
"1700000000539","2026-04-19","Custom Integration","Services","income","7500.00"
"1700000000540","2026-01-05","Fuel","Travel","expense","60.00"
"1700000000541","2026-03-29","SSL Renewal","Operational","expense","80.00"
"1700000000542","2026-02-14","Workshop Fee","Services","income","400.00"
"1700000000543","2026-04-06","Elevator Service","Operational","expense","550.00"
"1700000000544","2026-01-20","Paper Shredder","Supplies","expense","140.00"
"1700000000545","2026-03-12","Strategy Session","Services","income","300.00"
"1700000000546","2026-02-25","Uber Ride","Travel","expense","32.00"
"1700000000547","2026-04-10","Email Tool","Marketing","expense","49.00"
"1700000000548","2026-01-16","E-book Royalty","Sales","income","240.00"
"1700000000549","2026-03-01","Liability Insurance","Operational","expense","1100.00"
"1700000000550","2026-02-11","External Drive","Supplies","expense","120.00"
"1700000000551","2026-04-17","Subscription Sale","Sales","income","99.00"
"1700000000552","2026-01-04","Postage","Operational","expense","25.00"
"1700000000553","2026-03-24","Radio Ad","Marketing","expense","1500.00"
"1700000000554","2026-02-07","Office Desk","Supplies","expense","450.00"
"1700000000555","2026-04-08","Strategic Audit","Services","income","4500.00"
"1700000000556","2026-01-26","Parking Fee","Travel","expense","10.00"
"1700000000557","2026-03-15","Trade Magazine","Marketing","expense","120.00"
"1700000000558","2026-02-19","Job Posting","Payroll","expense","300.00"
"1700000000559","2026-04-11","Asset Liquidation","Sales","income","1100.00"
"1700000000560","2026-01-02","Hand Tools","Supplies","expense","35.00"
"1700000000561","2026-03-27","Legal Revenue","Services","income","1800.00"
"1700000000562","2026-02-21","Pens & Paper","Supplies","expense","88.00"
"1700000000563","2026-04-13","Client Lunch","Travel","expense","145.20"
"1700000000564","2026-01-13","Consulting Payment","Services","income","2100.00"
"1700000000565","2026-03-31","Tax Filing","Operational","expense","2500.00"
"1700000000566","2026-02-04","Social Media Spend","Marketing","expense","600.00"
"1700000000567","2026-04-07","Retail Revenue","Sales","income","940.50"
"1700000000568","2026-01-30","Traffic Fine","Travel","expense","45.00"
"1700000000569","2026-03-20","SaaS Integration","Sales","income","350.00"
"1700000000570","2026-02-13","Office Paint","Operational","expense","220.00"
"1700000000571","2026-04-16","Booth Rental","Marketing","expense","2500.00"
"1700000000572","2026-01-23","Printer Lease","Operational","expense","180.00"
"1700000000573","2026-03-09","SEO Consultation","Services","income","900.00"
"1700000000574","2026-02-24","Flyer Print","Marketing","expense","150.00"
"1700000000575","2026-04-18","Keyboard","Supplies","expense","65.00"
"1700000000576","2026-01-07","Service Contract","Services","income","4200.00"
"1700000000577","2026-03-26","Software License","Operational","expense","299.00"
"1700000000578","2026-02-17","Train Ticket","Travel","expense","5.50"
"1700000000579","2026-04-15","Digital Sale","Sales","income","150.00"
"1700000000580","2026-01-14","Safety Refill","Supplies","expense","32.00"
"1700000000581","2026-03-06","PPC Budget","Marketing","expense","1000.00"
"1700000000582","2026-02-27","Contract Worker","Payroll","expense","3200.00"
"1700000000583","2026-04-03","Digital Course","Sales","income","199.00"
"1700000000584","2026-01-19","Labels","Marketing","expense","45.00"
"1700000000585","2026-03-23","Webinar Fee","Services","income","25.00"
"1700000000586","2026-02-06","Sanitizer","Operational","expense","110.00"
"1700000000587","2026-04-10","Office Stationery","Supplies","expense","34.50"
"1700000000588","2026-01-27","Corporate Fee","Services","income","5000.00"
"1700000000589","2026-03-11","Recruiting Tool","Marketing","expense","800.00"
"1700000000590","2026-02-10","Tax Refund","Operational","income","540.00"
"1700000000591","2026-04-12","Staff Uniforms","Payroll","expense","450.00"
"1700000000592","2026-01-04","App Sale","Sales","income","12.50"
"1700000000593","2026-03-13","Window Cleaning","Operational","expense","80.00"
"1700000000594","2026-02-16","Architecture Consult","Services","income","4500.00"
"1700000000595","2026-04-14","Highway Toll","Travel","expense","12.00"
"1700000000596","2026-01-09","Video Promo","Marketing","expense","1200.00"
"1700000000597","2026-03-27","Revenue Share","Sales","income","1500.00"
"1700000000598","2026-02-12","Battery","Supplies","expense","85.00"
"1700000000599","2026-04-04","Breakroom Supplies","Supplies","expense","55.00"
"1700000000600","2026-01-11","Web Design","Services","income","8000.00"
"1700000000601","2026-02-14","Email Hosting","Operational","expense","45.00"
"1700000000602","2026-03-05","Technical Training","Services","income","1500.00"
"1700000000603","2026-04-18","Coffee Pods","Supplies","expense","125.60"
"1700000000604","2026-01-22","App Purchase","Sales","income","340.50"
"1700000000605","2026-03-12","Google Ads","Marketing","expense","2200.00"
"1700000000606","2026-02-20","Maintenance Fee","Services","income","450.00"
"1700000000607","2026-04-02","Document Shredding","Operational","expense","85.00"
"1700000000608","2026-01-15","Desktop Monitor","Supplies","expense","1200.00"
"1700000000609","2026-03-28","SaaS Fee","Sales","income","89.99"
"1700000000610","2026-02-11","Compliance Training","Payroll","expense","3500.00"
"1700000000611","2026-04-15","Shipping Charges","Operational","expense","410.20"
"1700000000612","2026-01-10","Project Milestone","Services","income","12000.00"
"1700000000613","2026-03-19","Cloud Hosting","Operational","expense","150.00"
"1700000000614","2026-02-05","Business Cards","Marketing","expense","75.00"
"1700000000615","2026-04-09","Product Licensing","Sales","income","5000.00"
"1700000000616","2026-01-29","Taxi to Airport","Travel","expense","55.00"
"1700000000617","2026-03-04","Legal Consultation","Services","expense","800.00"
"1700000000618","2026-02-28","Retail Sale","Sales","income","125.00"
"1700000000619","2026-04-12","Furniture Repair","Operational","expense","320.00"
"1700000000620","2026-01-08","Software Plugin","Supplies","expense","49.00"
"1700000000621","2026-03-21","Expert Consult","Services","income","2500.00"
"1700000000622","2026-02-15","International Shipping","Operational","expense","210.00"
"1700000000623","2026-04-03","Domain Privacy","Operational","expense","15.00"
"1700000000624","2026-01-18","Wholesale Order","Sales","income","8400.00"
"1700000000625","2026-03-14","Search Marketing","Marketing","expense","1200.00"
"1700000000626","2026-02-01","Staff Salary","Payroll","expense","4500.00"
"1700000000627","2026-04-05","Gas Bill","Operational","expense","240.00"
"1700000000628","2026-01-24","Consulting Fee","Services","income","3000.00"
"1700000000629","2026-03-08","Soap & Towels","Supplies","expense","65.40"
"1700000000630","2026-02-22","Parking Fees","Travel","expense","18.50"
"1700000000631","2026-04-14","Bulk Sale","Sales","income","15600.00"
"1700000000632","2026-01-12","USB Storage","Supplies","expense","110.00"
"1700000000633","2026-03-25","Influencer Fee","Marketing","expense","500.00"
"1700000000634","2026-02-09","Server Rack","Supplies","expense","2800.00"
"1700000000635","2026-04-01","Client Support","Services","income","150.00"
"1700000000636","2026-01-31","Water Cooler","Operational","expense","40.00"
"1700000000637","2026-03-10","Outdoor Media","Marketing","expense","4000.00"
"1700000000638","2026-02-18","Performance Bonus","Payroll","expense","1000.00"
"1700000000639","2026-04-19","Custom Integration","Services","income","7500.00"
"1700000000640","2026-01-05","Fuel","Travel","expense","60.00"
"1700000000641","2026-03-29","SSL Renewal","Operational","expense","80.00"
"1700000000642","2026-02-14","Workshop Fee","Services","income","400.00"
"1700000000643","2026-04-06","Elevator Service","Operational","expense","550.00"
"1700000000644","2026-01-20","Paper Shredder","Supplies","expense","140.00"
"1700000000645","2026-03-12","Strategy Session","Services","income","300.00"
"1700000000646","2026-02-25","Uber Ride","Travel","expense","32.00"
"1700000000647","2026-04-10","Email Tool","Marketing","expense","49.00"
"1700000000648","2026-01-16","E-book Royalty","Sales","income","240.00"
"1700000000649","2026-03-01","Liability Insurance","Operational","expense","1100.00"
"1700000000650","2026-02-11","External Drive","Supplies","expense","120.00"
"1700000000651","2026-04-17","Subscription Sale","Sales","income","99.00"
"1700000000652","2026-01-04","Postage","Operational","expense","25.00"
"1700000000653","2026-03-24","Radio Ad","Marketing","expense","1500.00"
"1700000000654","2026-02-07","Office Desk","Supplies","expense","450.00"
"1700000000655","2026-04-08","Strategic Audit","Services","income","4500.00"
"1700000000656","2026-01-26","Parking Fee","Travel","expense","10.00"
"1700000000657","2026-03-15","Trade Magazine","Marketing","expense","120.00"
"1700000000658","2026-02-19","Job Posting","Payroll","expense","300.00"
"1700000000659","2026-04-11","Asset Liquidation","Sales","income","1100.00"
"1700000000660","2026-01-02","Hand Tools","Supplies","expense","35.00"
"1700000000661","2026-03-27","Legal Revenue","Services","income","1800.00"
"1700000000662","2026-02-21","Pens & Paper","Supplies","expense","88.00"
"1700000000663","2026-04-13","Client Lunch","Travel","expense","145.20"
"1700000000664","2026-01-13","Consulting Payment","Services","income","2100.00"
"1700000000665","2026-03-31","Tax Filing","Operational","expense","2500.00"
"1700000000666","2026-02-04","Social Media Spend","Marketing","expense","600.00"
"1700000000667","2026-04-07","Retail Revenue","Sales","income","940.50"
"1700000000668","2026-01-30","Traffic Fine","Travel","expense","45.00"
"1700000000669","2026-03-20","SaaS Integration","Sales","income","350.00"
"1700000000670","2026-02-13","Office Paint","Operational","expense","220.00"
"1700000000671","2026-04-16","Booth Rental","Marketing","expense","2500.00"
"1700000000672","2026-01-23","Printer Lease","Operational","expense","180.00"
"1700000000673","2026-03-09","SEO Consultation","Services","income","900.00"
"1700000000674","2026-02-24","Flyer Print","Marketing","expense","150.00"
"1700000000675","2026-04-18","Keyboard","Supplies","expense","65.00"
"1700000000676","2026-01-07","Service Contract","Services","income","4200.00"
"1700000000677","2026-03-26","Software License","Operational","expense","299.00"
"1700000000678","2026-02-17","Train Ticket","Travel","expense","5.50"
"1700000000679","2026-04-15","Digital Sale","Sales","income","150.00"
"1700000000680","2026-01-14","Safety Refill","Supplies","expense","32.00"
"1700000000681","2026-03-06","PPC Budget","Marketing","expense","1000.00"
"1700000000682","2026-02-27","Contract Worker","Payroll","expense","3200.00"
"1700000000683","2026-04-03","Digital Course","Sales","income","199.00"
"1700000000684","2026-01-19","Labels","Marketing","expense","45.00"
"1700000000685","2026-03-23","Webinar Fee","Services","income","25.00"
"1700000000686","2026-02-06","Sanitizer","Operational","expense","110.00"
"1700000000687","2026-04-10","Office Stationery","Supplies","expense","34.50"
"1700000000688","2026-01-27","Corporate Fee","Services","income","5000.00"
"1700000000689","2026-03-11","Recruiting Tool","Marketing","expense","800.00"
"1700000000690","2026-02-10","Tax Refund","Operational","income","540.00"
"1700000000691","2026-04-12","Staff Uniforms","Payroll","expense","450.00"
"1700000000692","2026-01-04","App Sale","Sales","income","12.50"
"1700000000693","2026-03-13","Window Cleaning","Operational","expense","80.00"
"1700000000694","2026-02-16","Architecture Consult","Services","income","4500.00"
"1700000000695","2026-04-14","Highway Toll","Travel","expense","12.00"
"1700000000696","2026-01-09","Video Promo","Marketing","expense","1200.00"
"1700000000697","2026-03-27","Revenue Share","Sales","income","1500.00"
"1700000000698","2026-02-12","Battery","Supplies","expense","85.00"
"1700000000699","2026-04-04","Breakroom Supplies","Supplies","expense","55.00"
"1700000000700","2026-01-11","Web Design","Services","income","8000.00"
"1700000000701","2026-02-14","Email Hosting","Operational","expense","45.00"
"1700000000702","2026-03-05","Technical Training","Services","income","1500.00"
"1700000000703","2026-04-18","Coffee Pods","Supplies","expense","125.60"
"1700000000704","2026-01-22","App Purchase","Sales","income","340.50"
"1700000000705","2026-03-12","Google Ads","Marketing","expense","2200.00"
"1700000000706","2026-02-20","Maintenance Fee","Services","income","450.00"
"1700000000707","2026-04-02","Document Shredding","Operational","expense","85.00"
"1700000000708","2026-01-15","Desktop Monitor","Supplies","expense","1200.00"
"1700000000709","2026-03-28","SaaS Fee","Sales","income","89.99"
"1700000000710","2026-02-11","Compliance Training","Payroll","expense","3500.00"
"1700000000711","2026-04-15","Shipping Charges","Operational","expense","410.20"
"1700000000712","2026-01-10","Project Milestone","Services","income","12000.00"
"1700000000713","2026-03-19","Cloud Hosting","Operational","expense","150.00"
"1700000000714","2026-02-05","Business Cards","Marketing","expense","75.00"
"1700000000715","2026-04-09","Product Licensing","Sales","income","5000.00"
"1700000000716","2026-01-29","Taxi to Airport","Travel","expense","55.00"
"1700000000717","2026-03-04","Legal Consultation","Services","expense","800.00"
"1700000000718","2026-02-28","Retail Sale","Sales","income","125.00"
"1700000000719","2026-04-12","Furniture Repair","Operational","expense","320.00"
"1700000000720","2026-01-08","Software Plugin","Supplies","expense","49.00"
"1700000000721","2026-03-21","Expert Consult","Services","income","2500.00"
"1700000000722","2026-02-15","International Shipping","Operational","expense","210.00"
"1700000000723","2026-04-03","Domain Privacy","Operational","expense","15.00"
"1700000000724","2026-01-18","Wholesale Order","Sales","income","8400.00"
"1700000000725","2026-03-14","Search Marketing","Marketing","expense","1200.00"
"1700000000726","2026-02-01","Staff Salary","Payroll","expense","4500.00"
"1700000000727","2026-04-05","Gas Bill","Operational","expense","240.00"
"1700000000728","2026-01-24","Consulting Fee","Services","income","3000.00"
"1700000000729","2026-03-08","Soap & Towels","Supplies","expense","65.40"
"1700000000730","2026-02-22","Parking Fees","Travel","expense","18.50"
"1700000000731","2026-04-14","Bulk Sale","Sales","income","15600.00"
"1700000000732","2026-01-12","USB Storage","Supplies","expense","110.00"
"1700000000733","2026-03-25","Influencer Fee","Marketing","expense","500.00"
"1700000000734","2026-02-09","Server Rack","Supplies","expense","2800.00"
"1700000000735","2026-04-01","Client Support","Services","income","150.00"
"1700000000736","2026-01-31","Water Cooler","Operational","expense","40.00"
"1700000000737","2026-03-10","Outdoor Media","Marketing","expense","4000.00"
"1700000000738","2026-02-18","Performance Bonus","Payroll","expense","1000.00"
"1700000000739","2026-04-19","Custom Integration","Services","income","7500.00"
"1700000000740","2026-01-05","Fuel","Travel","expense","60.00"
"1700000000741","2026-03-29","SSL Renewal","Operational","expense","80.00"
"1700000000742","2026-02-14","Workshop Fee","Services","income","400.00"
"1700000000743","2026-04-06","Elevator Service","Operational","expense","550.00"
"1700000000744","2026-01-20","Paper Shredder","Supplies","expense","140.00"
"1700000000745","2026-03-12","Strategy Session","Services","income","300.00"
"1700000000746","2026-02-25","Uber Ride","Travel","expense","32.00"
"1700000000747","2026-04-10","Email Tool","Marketing","expense","49.00"
"1700000000748","2026-01-16","E-book Royalty","Sales","income","240.00"
"1700000000749","2026-03-01","Liability Insurance","Operational","expense","1100.00"
"1700000000750","2026-02-11","External Drive","Supplies","expense","120.00"
"1700000000751","2026-04-17","Subscription Sale","Sales","income","99.00"
"1700000000752","2026-01-04","Postage","Operational","expense","25.00"
"1700000000753","2026-03-24","Radio Ad","Marketing","expense","1500.00"
"1700000000754","2026-02-07","Office Desk","Supplies","expense","450.00"
"1700000000755","2026-04-08","Strategic Audit","Services","income","4500.00"
"1700000000756","2026-01-26","Parking Fee","Travel","expense","10.00"
"1700000000757","2026-03-15","Trade Magazine","Marketing","expense","120.00"
"1700000000758","2026-02-19","Job Posting","Payroll","expense","300.00"
"1700000000759","2026-04-11","Asset Liquidation","Sales","income","1100.00"
"1700000000760","2026-01-02","Hand Tools","Supplies","expense","35.00"
"1700000000761","2026-03-27","Legal Revenue","Services","income","1800.00"
"1700000000762","2026-02-21","Pens & Paper","Supplies","expense","88.00"
"1700000000763","2026-04-13","Client Lunch","Travel","expense","145.20"
"1700000000764","2026-01-13","Consulting Payment","Services","income","2100.00"
"1700000000765","2026-03-31","Tax Filing","Operational","expense","2500.00"
"1700000000766","2026-02-04","Social Media Spend","Marketing","expense","600.00"
"1700000000767","2026-04-07","Retail Revenue","Sales","income","940.50"
"1700000000768","2026-01-30","Traffic Fine","Travel","expense","45.00"
"1700000000769","2026-03-20","SaaS Integration","Sales","income","350.00"
"1700000000770","2026-02-13","Office Paint","Operational","expense","220.00"
"1700000000771","2026-04-16","Booth Rental","Marketing","expense","2500.00"
"1700000000772","2026-01-23","Printer Lease","Operational","expense","180.00"
"1700000000773","2026-03-09","SEO Consultation","Services","income","900.00"
"1700000000774","2026-02-24","Flyer Print","Marketing","expense","150.00"
"1700000000775","2026-04-18","Keyboard","Supplies","expense","65.00"
"1700000000776","2026-01-07","Service Contract","Services","income","4200.00"
"1700000000777","2026-03-26","Software License","Operational","expense","299.00"
"1700000000778","2026-02-17","Train Ticket","Travel","expense","5.50"
"1700000000779","2026-04-15","Digital Sale","Sales","income","150.00"
"1700000000780","2026-01-14","Safety Refill","Supplies","expense","32.00"
"1700000000781","2026-03-06","PPC Budget","Marketing","expense","1000.00"
"1700000000782","2026-02-27","Contract Worker","Payroll","expense","3200.00"
"1700000000783","2026-04-03","Digital Course","Sales","income","199.00"
"1700000000784","2026-01-19","Labels","Marketing","expense","45.00"
"1700000000785","2026-03-23","Webinar Fee","Services","income","25.00"
"1700000000786","2026-02-06","Sanitizer","Operational","expense","110.00"
"1700000000787","2026-04-10","Office Stationery","Supplies","expense","34.50"
"1700000000788","2026-01-27","Corporate Fee","Services","income","5000.00"
"1700000000789","2026-03-11","Recruiting Tool","Marketing","expense","800.00"
"1700000000790","2026-02-10","Tax Refund","Operational","income","540.00"
"1700000000791","2026-04-12","Staff Uniforms","Payroll","expense","450.00"
"1700000000792","2026-01-04","App Sale","Sales","income","12.50"
"1700000000793","2026-03-13","Window Cleaning","Operational","expense","80.00"
"1700000000794","2026-02-16","Architecture Consult","Services","income","4500.00"
"1700000000795","2026-04-14","Highway Toll","Travel","expense","12.00"
"1700000000796","2026-01-09","Video Promo","Marketing","expense","1200.00"
"1700000000797","2026-03-27","Revenue Share","Sales","income","1500.00"
"1700000000798","2026-02-12","Battery","Supplies","expense","85.00"
"1700000000799","2026-04-04","Breakroom Supplies","Supplies","expense","55.00"
"1700000000800","2026-01-11","Web Design","Services","income","8000.00"
"1700000000801","2026-02-14","Email Hosting","Operational","expense","45.00"
"1700000000802","2026-03-05","Technical Training","Services","income","1500.00"
"1700000000803","2026-04-18","Coffee Pods","Supplies","expense","125.60"
"1700000000804","2026-01-22","App Purchase","Sales","income","340.50"
"1700000000805","2026-03-12","Google Ads","Marketing","expense","2200.00"
"1700000000806","2026-02-20","Maintenance Fee","Services","income","450.00"
"1700000000807","2026-04-02","Document Shredding","Operational","expense","85.00"
"1700000000808","2026-01-15","Desktop Monitor","Supplies","expense","1200.00"
"1700000000809","2026-03-28","SaaS Fee","Sales","income","89.99"
"1700000000810","2026-02-11","Compliance Training","Payroll","expense","3500.00"
"1700000000811","2026-04-15","Shipping Charges","Operational","expense","410.20"
"1700000000812","2026-01-10","Project Milestone","Services","income","12000.00"
"1700000000813","2026-03-19","Cloud Hosting","Operational","expense","150.00"
"1700000000814","2026-02-05","Business Cards","Marketing","expense","75.00"
"1700000000815","2026-04-09","Product Licensing","Sales","income","5000.00"
"1700000000816","2026-01-29","Taxi to Airport","Travel","expense","55.00"
"1700000000817","2026-03-04","Legal Consultation","Services","expense","800.00"
"1700000000818","2026-02-28","Retail Sale","Sales","income","125.00"
"1700000000819","2026-04-12","Furniture Repair","Operational","expense","320.00"
"1700000000820","2026-01-08","Software Plugin","Supplies","expense","49.00"
"1700000000821","2026-03-21","Expert Consult","Services","income","2500.00"
"1700000000822","2026-02-15","International Shipping","Operational","expense","210.00"
"1700000000823","2026-04-03","Domain Privacy","Operational","expense","15.00"
"1700000000824","2026-01-18","Wholesale Order","Sales","income","8400.00"
"1700000000825","2026-03-14","Search Marketing","Marketing","expense","1200.00"
"1700000000826","2026-02-01","Staff Salary","Payroll","expense","4500.00"
"1700000000827","2026-04-05","Gas Bill","Operational","expense","240.00"
"1700000000828","2026-01-24","Consulting Fee","Services","income","3000.00"
"1700000000829","2026-03-08","Soap & Towels","Supplies","expense","65.40"
"1700000000830","2026-02-22","Parking Fees","Travel","expense","18.50"
"1700000000831","2026-04-14","Bulk Sale","Sales","income","15600.00"
"1700000000832","2026-01-12","USB Storage","Supplies","expense","110.00"
"1700000000833","2026-03-25","Influencer Fee","Marketing","expense","500.00"
"1700000000834","2026-02-09","Server Rack","Supplies","expense","2800.00"
"1700000000835","2026-04-01","Client Support","Services","income","150.00"
"1700000000836","2026-01-31","Water Cooler","Operational","expense","40.00"
"1700000000837","2026-03-10","Outdoor Media","Marketing","expense","4000.00"
"1700000000838","2026-02-18","Performance Bonus","Payroll","expense","1000.00"
"1700000000839","2026-04-19","Custom Integration","Services","income","7500.00"
"1700000000840","2026-01-05","Fuel","Travel","expense","60.00"
"1700000000841","2026-03-29","SSL Renewal","Operational","expense","80.00"
"1700000000842","2026-02-14","Workshop Fee","Services","income","400.00"
"1700000000843","2026-04-06","Elevator Service","Operational","expense","550.00"
"1700000000844","2026-01-20","Paper Shredder","Supplies","expense","140.00"
"1700000000845","2026-03-12","Strategy Session","Services","income","300.00"
"1700000000846","2026-02-25","Uber Ride","Travel","expense","32.00"
"1700000000847","2026-04-10","Email Tool","Marketing","expense","49.00"
"1700000000848","2026-01-16","E-book Royalty","Sales","income","240.00"
"1700000000849","2026-03-01","Liability Insurance","Operational","expense","1100.00"
"1700000000850","2026-02-11","External Drive","Supplies","expense","120.00"
"1700000000851","2026-04-17","Subscription Sale","Sales","income","99.00"
"1700000000852","2026-01-04","Postage","Operational","expense","25.00"
"1700000000853","2026-03-24","Radio Ad","Marketing","expense","1500.00"
"1700000000854","2026-02-07","Office Desk","Supplies","expense","450.00"
"1700000000855","2026-04-08","Strategic Audit","Services","income","4500.00"
"1700000000856","2026-01-26","Parking Fee","Travel","expense","10.00"
"1700000000857","2026-03-15","Trade Magazine","Marketing","expense","120.00"
"1700000000858","2026-02-19","Job Posting","Payroll","expense","300.00"
"1700000000859","2026-04-11","Asset Liquidation","Sales","income","1100.00"
"1700000000860","2026-01-02","Hand Tools","Supplies","expense","35.00"
"1700000000861","2026-03-27","Legal Revenue","Services","income","1800.00"
"1700000000862","2026-02-21","Pens & Paper","Supplies","expense","88.00"
"1700000000863","2026-04-13","Client Lunch","Travel","expense","145.20"
"1700000000864","2026-01-13","Consulting Payment","Services","income","2100.00"
"1700000000865","2026-03-31","Tax Filing","Operational","expense","2500.00"
"1700000000866","2026-02-04","Social Media Spend","Marketing","expense","600.00"
"1700000000867","2026-04-07","Retail Revenue","Sales","income","940.50"
"1700000000868","2026-01-30","Traffic Fine","Travel","expense","45.00"
"1700000000869","2026-03-20","SaaS Integration","Sales","income","350.00"
"1700000000870","2026-02-13","Office Paint","Operational","expense","220.00"
"1700000000871","2026-04-16","Booth Rental","Marketing","expense","2500.00"
"1700000000872","2026-01-23","Printer Lease","Operational","expense","180.00"
"1700000000873","2026-03-09","SEO Consultation","Services","income","900.00"
"1700000000874","2026-02-24","Flyer Print","Marketing","expense","150.00"
"1700000000875","2026-04-18","Keyboard","Supplies","expense","65.00"
"1700000000876","2026-01-07","Service Contract","Services","income","4200.00"
"1700000000877","2026-03-26","Software License","Operational","expense","299.00"
"1700000000878","2026-02-17","Train Ticket","Travel","expense","5.50"
"1700000000879","2026-04-15","Digital Sale","Sales","income","150.00"
"1700000000880","2026-01-14","Safety Refill","Supplies","expense","32.00"
"1700000000881","2026-03-06","PPC Budget","Marketing","expense","1000.00"
"1700000000882","2026-02-27","Contract Worker","Payroll","expense","3200.00"
"1700000000883","2026-04-03","Digital Course","Sales","income","199.00"
"1700000000884","2026-01-19","Labels","Marketing","expense","45.00"
"1700000000885","2026-03-23","Webinar Fee","Services","income","25.00"
"1700000000886","2026-02-06","Sanitizer","Operational","expense","110.00"
"1700000000887","2026-04-10","Office Stationery","Supplies","expense","34.50"
"1700000000888","2026-01-27","Corporate Fee","Services","income","5000.00"
"1700000000889","2026-03-11","Recruiting Tool","Marketing","expense","800.00"
"1700000000890","2026-02-10","Tax Refund","Operational","income","540.00"
"1700000000891","2026-04-12","Staff Uniforms","Payroll","expense","450.00"
"1700000000892","2026-01-04","App Sale","Sales","income","12.50"
"1700000000893","2026-03-13","Window Cleaning","Operational","expense","80.00"
"1700000000894","2026-02-16","Architecture Consult","Services","income","4500.00"
"1700000000895","2026-04-14","Highway Toll","Travel","expense","12.00"
"1700000000896","2026-01-09","Video Promo","Marketing","expense","1200.00"
"1700000000897","2026-03-27","Revenue Share","Sales","income","1500.00"
"1700000000898","2026-02-12","Battery","Supplies","expense","85.00"
"1700000000899","2026-04-04","Breakroom Supplies","Supplies","expense","55.00"
"1700000000900","2026-01-11","Web Design","Services","income","8000.00"
"1700000000901","2026-02-14","Email Hosting","Operational","expense","45.00"
"1700000000902","2026-03-05","Technical Training","Services","income","1500.00"
"1700000000903","2026-04-18","Coffee Pods","Supplies","expense","125.60"
"1700000000904","2026-01-22","App Purchase","Sales","income","340.50"
"1700000000905","2026-03-12","Google Ads","Marketing","expense","2200.00"
"1700000000906","2026-02-20","Maintenance Fee","Services","income","450.00"
"1700000000907","2026-04-02","Document Shredding","Operational","expense","85.00"
"1700000000908","2026-01-15","Desktop Monitor","Supplies","expense","1200.00"
"1700000000909","2026-03-28","SaaS Fee","Sales","income","89.99"
"1700000000910","2026-02-11","Compliance Training","Payroll","expense","3500.00"
"1700000000911","2026-04-15","Shipping Charges","Operational","expense","410.20"
"1700000000912","2026-01-10","Project Milestone","Services","income","12000.00"
"1700000000913","2026-03-19","Cloud Hosting","Operational","expense","150.00"
"1700000000914","2026-02-05","Business Cards","Marketing","expense","75.00"
"1700000000915","2026-04-09","Product Licensing","Sales","income","5000.00"
"1700000000916","2026-01-29","Taxi to Airport","Travel","expense","55.00"
"1700000000917","2026-03-04","Legal Consultation","Services","expense","800.00"
"1700000000918","2026-02-28","Retail Sale","Sales","income","125.00"
"1700000000919","2026-04-12","Furniture Repair","Operational","expense","320.00"
"1700000000920","2026-01-08","Software Plugin","Supplies","expense","49.00"
"1700000000921","2026-03-21","Expert Consult","Services","income","2500.00"
"1700000000922","2026-02-15","International Shipping","Operational","expense","210.00"
"1700000000923","2026-04-03","Domain Privacy","Operational","expense","15.00"
"1700000000924","2026-01-18","Wholesale Order","Sales","income","8400.00"
"1700000000925","2026-03-14","Search Marketing","Marketing","expense","1200.00"
"1700000000926","2026-02-01","Staff Salary","Payroll","expense","4500.00"
"1700000000927","2026-04-05","Gas Bill","Operational","expense","240.00"
"1700000000928","2026-01-24","Consulting Fee","Services","income","3000.00"
"1700000000929","2026-03-08","Soap & Towels","Supplies","expense","65.40"
"1700000000930","2026-02-22","Parking Fees","Travel","expense","18.50"
"1700000000931","2026-04-14","Bulk Sale","Sales","income","15600.00"
"1700000000932","2026-01-12","USB Storage","Supplies","expense","110.00"
"1700000000933","2026-03-25","Influencer Fee","Marketing","expense","500.00"
"1700000000934","2026-02-09","Server Rack","Supplies","expense","2800.00"
"1700000000935","2026-04-01","Client Support","Services","income","150.00"
"1700000000936","2026-01-31","Water Cooler","Operational","expense","40.00"
"1700000000937","2026-03-10","Outdoor Media","Marketing","expense","4000.00"
"1700000000938","2026-02-18","Performance Bonus","Payroll","expense","1000.00"
"1700000000939","2026-04-19","Custom Integration","Services","income","7500.00"
"1700000000940","2026-01-05","Fuel","Travel","expense","60.00"
"1700000000941","2026-03-29","SSL Renewal","Operational","expense","80.00"
"1700000000942","2026-02-14","Workshop Fee","Services","income","400.00"
"1700000000943","2026-04-06","Elevator Service","Operational","expense","550.00"
"1700000000944","2026-01-20","Paper Shredder","Supplies","expense","140.00"
"1700000000945","2026-03-12","Strategy Session","Services","income","300.00"
"1700000000946","2026-02-25","Uber Ride","Travel","expense","32.00"
"1700000000947","2026-04-10","Email Tool","Marketing","expense","49.00"
"1700000000948","2026-01-16","E-book Royalty","Sales","income","240.00"
"1700000000949","2026-03-01","Liability Insurance","Operational","expense","1100.00"
"1700000000950","2026-02-11","External Drive","Supplies","expense","120.00"
"1700000000951","2026-04-17","Subscription Sale","Sales","income","99.00"
"1700000000952","2026-01-04","Postage","Operational","expense","25.00"
"1700000000953","2026-03-24","Radio Ad","Marketing","expense","1500.00"
"1700000000954","2026-02-07","Office Desk","Supplies","expense","450.00"
"1700000000955","2026-04-08","Strategic Audit","Services","income","4500.00"
"1700000000956","2026-01-26","Parking Fee","Travel","expense","10.00"
"1700000000957","2026-03-15","Trade Magazine","Marketing","expense","120.00"
"1700000000958","2026-02-19","Job Posting","Payroll","expense","300.00"
"1700000000959","2026-04-11","Asset Liquidation","Sales","income","1100.00"
"1700000000960","2026-01-02","Hand Tools","Supplies","expense","35.00"
"1700000000961","2026-03-27","Legal Revenue","Services","income","1800.00"
"1700000000962","2026-02-21","Pens & Paper","Supplies","expense","88.00"
"1700000000963","2026-04-13","Client Lunch","Travel","expense","145.20"
"1700000000964","2026-01-13","Consulting Payment","Services","income","2100.00"
"1700000000965","2026-03-31","Tax Filing","Operational","expense","2500.00"
"1700000000966","2026-02-04","Social Media Spend","Marketing","expense","600.00"
"1700000000967","2026-04-07","Retail Revenue","Sales","income","940.50"
"1700000000968","2026-01-30","Traffic Fine","Travel","expense","45.00"
"1700000000969","2026-03-20","SaaS Integration","Sales","income","350.00"
"1700000000970","2026-02-13","Office Paint","Operational","expense","220.00"
"1700000000971","2026-04-16","Booth Rental","Marketing","expense","2500.00"
"1700000000972","2026-01-23","Printer Lease","Operational","expense","180.00"
"1700000000973","2026-03-09","SEO Consultation","Services","income","900.00"
"1700000000974","2026-02-24","Flyer Print","Marketing","expense","150.00"
"1700000000975","2026-04-18","Keyboard","Supplies","expense","65.00"
"1700000000976","2026-01-07","Service Contract","Services","income","4200.00"
"1700000000977","2026-03-26","Software License","Operational","expense","299.00"
"1700000000978","2026-02-17","Train Ticket","Travel","expense","5.50"
"1700000000979","2026-04-15","Digital Sale","Sales","income","150.00"
"1700000000980","2026-01-14","Safety Refill","Supplies","expense","32.00"
"1700000000981","2026-03-06","PPC Budget","Marketing","expense","1000.00"
"1700000000982","2026-02-27","Contract Worker","Payroll","expense","3200.00"
"1700000000983","2026-04-03","Digital Course","Sales","income","199.00"
"1700000000984","2026-01-19","Labels","Marketing","expense","45.00"
"1700000000985","2026-03-23","Webinar Fee","Services","income","25.00"
"1700000000986","2026-02-06","Sanitizer","Operational","expense","110.00"
"1700000000987","2026-04-10","Office Stationery","Supplies","expense","34.50"
"1700000000988","2026-01-27","Corporate Fee","Services","income","5000.00"
"1700000000989","2026-03-11","Recruiting Tool","Marketing","expense","800.00"
"1700000000990","2026-02-10","Tax Refund","Operational","income","540.00"
"1700000000991","2026-04-12","Staff Uniforms","Payroll","expense","450.00"
"1700000000992","2026-01-04","App Sale","Sales","income","12.50"
"1700000000993","2026-03-13","Window Cleaning","Operational","expense","80.00"
"1700000000994","2026-02-16","Architecture Consult","Services","income","4500.00"
"1700000000995","2026-04-14","Highway Toll","Travel","expense","12.00"
"1700000000996","2026-01-09","Video Promo","Marketing","expense","1200.00"
"1700000000997","2026-03-27","Revenue Share","Sales","income","1500.00"
"1700000000998","2026-02-12","Battery","Supplies","expense","85.00"
"1700000000999","2026-04-04","Breakroom Supplies","Supplies","expense","55.00"
"1700000001000","2026-01-11","Web Design","Services","income","8000.00"